id,url,event_title,details,access_type,num_tickets_types,ticket_price,date,time,location,venue,organization,google,latitude,longitude,ticket_name,num_guests,event_category,day_of_week,start_time_hours,data_date,date_modified,source,weekday,weekday_num,parsed_tags,assigned_category,general_category,sub_category2,sub_category3
crl05y1p,https://lu.ma/crl05y1p,Climate Global Event #WebSummit,"â€‹Connecting global climate innovationOn the eve of WebSummit, join us for a high-impact, one-day event connecting startups, investors, and industry leaders in climate technology. Vancouver is emerging as a global hub where innovative minds convergeâ€”from Canada to Japan, Singapore, Europe, and Australiaâ€”to forge new pathways in clean tech and international trade.",Get Tickets,2.0,12.5,2025-05-26,"Monday, May 26,1:00 PM - 7:30 PM PDT","800 Robson St, Vancouver, BC V6E 1A7, Canada",Robson Square,Vancouver Impact,https://www.google.com/maps/search/?api=1&query=Robson%20Square&query_place_id=ChIJwd1aPIBxhlQRX8pxjPkAb5s,49.28193,-123.121918,"['Standard', 'Student']",245,Climate,Monday,13.0,2025-05-02,2025-06-01 00:23:01.088041,Lu.ma,Monday,0.0,['Climate'],Climate,Environment and Sustainability,Climate,
23751vzy,https://lu.ma/23751vzy,Web Summit Vancouver: Z-Space Coffee Culture Connect,"â€‹Start your day right at Z-Space Coffee Culture Connect, an informal morning gathering running alongside Web Summit Vancouver. â€‹Join fellow Web Summit attendees, local founders, technologists, investors, and creative minds for coffee, conversation, and spontaneous collaboration in a welcoming community space. â€‹Expect fresh espresso drinks, local pastries, fast wifi, and the buzz of creative energy. Z-Space is just a 10-minute walk from the Web Summit venue, at the edge of historic Gastown. â€‹Whether you're new to Vancouver or looking to make meaningful connections before the conference kicks off each day, this is your open door to the cityâ€™s tech and creative ecosystem. â€‹The Z-Space Arts & Technology Society is a creative culture hub supporting art, tech, music, science, food, and community. Celebrating its 10th year in operationâ€”and it's 1st year as a non-profit societyâ€”Z-Space provides affordable, sustainable, and community-oriented space for startups, artists, and builders. â€‹Supported by MindPort â€‹This event is proudly supported by MindPort, a strategy, research, and innovation partner built for the age of AI.",Get Tickets,2.0,5.0,2025-05-27,"Tuesday, May 27,8:00 AM - 11:00 AM PDT","505 Hamilton St Unit 301 - 302 - 303, Vancouver, BC V6B 2R1, Canada",Z-Space,Z-Space Vancouver,https://www.google.com/maps/search/?api=1&query=Z-Space&query_place_id=ChIJh4eOLopxhlQREMTFwhFJGMk,49.282003,-123.111508,"['Connect', 'Support Z-Space by Donation']",115,AI,Tuesday,8.0,2025-05-02,2025-06-01 00:23:01.088041,Lu.ma,Tuesday,1.0,['AI'],"AI, Data Science, and ML",Technology and Innovation,"AI, Data Science, and ML",
xed8camo,https://lu.ma/xed8camo,Founders Matcha Walk with Casey Lau + Special Guests,"â€‹Welcome to Vancouver  founders from around the world - if this is your first visit to Vancouver this is the event for you! ğŸ‡®ğŸ‡ªğŸ‡¨ğŸ‡³ğŸ‡µğŸ‡¹ğŸ‡¯ğŸ‡µğŸ‡©ğŸ‡ªğŸ‡¬ğŸ‡§ â€‹Web Summit Vancouver co-host Casey Lau (+special guests) wants to meet you and tour you around the incredible marina of downtown Vancouver while sipping a matcha or coffee or morning beverage of your choice starting at one of Vancouver's finest cafes.Limited space, but a great way to get ready for the inaugural Web Summit Vancouver and meet some international founders and investors in town.",Registration,1.0,0.0,2025-05-27,"Tuesday, May 27,8:00 AM - 10:00 AM PDT",,,Web Summit Vancouver Side-Events,,49.273625,-123.118398,['Standard'],1,,Tuesday,8.0,2025-05-02,,Lu.ma,Tuesday,1.0,[],Entrepreneurship,Business and Professional,Entrepreneurship,
VAN-Demo-Day,https://lu.ma/VAN-Demo-Day,Vancouver Demo Day + WebSummit Social,"â€‹Join TechTO, Panache Ventures, and N49P for Vancouver Demo Day + WebSummit Social  â€‹Demo Day spotlights standout Canadian tech companiesâ€”at any stageâ€”that are showing exceptional momentum. Nominated by leading VCs and the local startup community, these companies might be scaling fast, solving meaningful problems, or gaining rapid traction. Demo Day is their platform to share their story and amplify the excitement. No judges. No scoring cards. Just real stories, real progress, and real asksâ€”shared with the people who can help and a true celebration of Canadian traction. â€‹Vancouver Demo Day will showcase startups from the following VC firms: â€‹N49PPanache VenturesVersion OneInoviaFramework Rhino VenturesRelay VenturesLOI VentureActive Impact InvestmentsPender Ventures â€‹Discover standout ventures from the West Coast, meet fellow founders and investors. Whether you're building, investing, or just curious, this is your chance to tap into the energy of Vancouver's tech ecosystem. â€‹Top companies from each local event will be shortlisted for TechTOâ€™s Rocketships Listâ€”the annual roundup of high-velocity startups that top talent (and investors ) should be watching closely. â€‹Following Demo Day, our curated evening social will gather 300+ of Canadaâ€™s most ambitious tech builders. It is designed to spark real conversations, foster meaningful connections, and celebrate the spirit of innovation. Mingle with founders, investors, and industry leaders in a relaxed setting - where big ideas meet new opportunities. â€‹â€‹â€‹4:00â€“4:30PM PDT|  Doors Open & Registrationâ€‹â€‹4:30â€“6:00PM PDT|  Demo Day - Startups Pitchesâ€‹â€‹6:00â€“9:00PM PDT | Evening Social â€‹â€‹Thank You To Our Presenting Partners: â€‹â€‹If you would like to know more about our presenting sponsors, please visit:LaBarge Weinstein LLPDoiT â€‹â€‹Thank You To Our Supporting Partners: â€‹â€‹If you would like to know more about our supporting sponsor, please visit: â€‹Boast",Registration,1.0,0.0,2025-05-27,"Tuesday, May 27,4:00 PM - 9:00 PM PDT","965 Granville St, Vancouver, BC V6Z 1L3, Canada",Good Co. Granville,TechTO,https://www.google.com/maps/search/?api=1&query=Good%20Co.%20Granville&query_place_id=ChIJO4AhIBNzhlQR1sdNx__mJ3k,49.279712,-123.122729,['Standard'],510,,Tuesday,16.0,2025-05-02,2025-06-01 00:23:01.088041,Lu.ma,Tuesday,1.0,[],Entrepreneurship,Business and Professional,Entrepreneurship,
0e5ine0h,https://lu.ma/0e5ine0h,"[Web Summit] Enterprise AI Panel with Cloudflare, Twelve Labs, Cohere, AWS and HubSpot Ventures","â€‹Join us during the Web Summit in Vancouver for a deep dive into how enterprises are adopting AI, the challenges of selling AI solutions, and how buyers are evaluating an explosion of AI startups in the market. â€‹This panel, sponsored by: â€‹AWS: AWS provides a highly reliable, scalable, low-cost infrastructure platform in the cloud that powers hundreds of thousands of businesses in 190 countries around the world. (Contact: andrytan@amazon.com)  â€‹Humi: Humi is Canada's leading all-in-one HR, payroll, SRED and benefits platform, built to help businesses manage their people with ease. (Contact: sarah.lesperance@humi.ca)   â€‹HubSpot: HubSpot Ventures is Hubspot's venture fund, investing in seed-series B startups building intelligent applications, AI & data infrastructure, and FinTech. HubSpot is a leading CRM platform that provides software and support to help businesses grow better. (Contact: acoccari@hubspot.com) â€‹Enterprise AI panel featuring:  â€‹Michelle (Co-Founder, President + Co-Chair at Cloudflare) â€‹Soyoung (Co-Founder and Head of GTM at Twelve Labs) â€‹Ivan (CTO, Co-Founder at Cohere) â€‹Patricia (Head of Startups, Canada at AWS Startups) â€‹Adam (Managing Director at HubSpot Ventures) â€‹Moderated by Matt Cohen (Managing Partner at Ripple Ventures) â€‹Topics we'll explore: â€‹The current state of enterprise AI: tech stack readiness & adoption â€‹The biggest problems AI is solving for enterprises today â€‹How founders are navigating enterprise sales in an evolving AI landscape â€‹How corporates are evaluating AI startups in a crowded market â€‹[Only accepted guests may attend and must bring a government-issued ID to enter the venue. No exceptions.]",Registration,1.0,0.0,2025-05-27,"Tuesday, May 27,4:30 PM - 6:30 PM PDT",,,Ripple Ventures,,49.280812,-123.1141,['Standard'],296,AI,Tuesday,16.5,2025-05-02,2025-06-01 00:23:01.088041,Lu.ma,Tuesday,1.0,['AI'],"AI, Data Science, and ML",Technology and Innovation,"AI, Data Science, and ML",
m1xecu31,https://lu.ma/m1xecu31,[Web Summit Week] Healthtech Social by Scalpels & Spreadsheets,"â€‹Extend the Web Summit energy at this post-conference Healthtech & Life Sciences social. We know the best conversations happen in the after-party events anyways! ğŸ˜‰ â€‹Healthcare and life science professionals! Join us for this networking event with likeminded individuals. Whether you're building, investing or shaping the industry - you'll find your crowd here!Expect to be surrounded by entrepreneurs, investors and others from healthtech, medtech, pharma/biotech, health IT & public health backgrounds.No agenda, networking only! Drinks will be available for purchase. Contact us for partnership enquiries! â€‹Meet your hosts: Aman Desai, Vijesh VijayanAbout Scalpels & Spreadsheet: â€‹At Scalpels & Spreadsheets, we're creating a global healthcare community where thought leaders, innovators, and curious minds come together to drive the next wave of healthcare innovation, through podcasting, events and media.Find us on LinkedIn and Instagram for future event updates!",Registration,1.0,0.0,2025-05-28,"Wednesday, May 28,3:00 PM - 6:00 PM PDT",,,Scalpels & Spreadsheets,,49.286227,-123.116945,['Regular'],79,Wellness,Wednesday,15.0,2025-05-02,2025-06-01 00:23:01.088041,Lu.ma,Wednesday,2.0,['Wellness'],STEM,Education and Learning,STEM,
94ks27ot,https://lu.ma/94ks27ot,UAtech Venture Night @ Web Summit Vancouver â€“ The Ultimate Startup & Investor Experience!,"â€‹Get ready for the most powerful pitch night in Vancouverâ€”where world-class investors, high-potential startups, and legendary tech leaders collide for one unforgettable evening. â€‹UAtech Venture Night @ Web Summit Vancouver is not just another event. Itâ€™s where startups raise capital, investors meet game-changers, and future-shaping conversations happen over handcrafted cocktails. â€‹Whatâ€™s in Store â€‹1ï¸âƒ£ Investor Round Table Pitching (5PM)Selected founders pitch directly to VCs and angels in rapid round table sessions designed to get real deals done. â€‹2ï¸âƒ£ğŸ¤ Power Panel: The AI Power Shift (7PM) Hear the honest truths from top minds in AI, venture, and startup growth. Learn whatâ€™s changing, whatâ€™s coming, and what it means for you.Confirmed Speakers: â€‹Max Lytvyn â€“ Co-Founder of GrammarlyAI pioneer transforming communication for millions globally. â€‹Nick Bilogorskiy â€“ Managing Partner, Dnipro VC | ex-META, GoogleCybersecurity leader, founder of Nova Ukraine, and recipient of the Ukrainian Order of Merit. â€‹Vitalii Romanchenko â€“ Head of AI Product Strategy, Panopto | ex-CEO of Elai.ioVisionary behind human-like AI video avatars, speaker at South Summit, K1, and more. â€‹Melaniia Volkodav â€“ Associate, Panache VenturesLeading early-stage VC investing in deep tech, compute, and climate-focused founders. â€‹Moderated by Olia Stasiuk, Founder & CEO of Bonzai AI â€‹3ï¸âƒ£ Afterparty (7PM)Cap off the night with our high-energy mixer: guest DJ, cocktails by Bootleggers, and a curated guest list full of opportunity. Deals get done over drinksâ€”letâ€™s make it happen. â€‹Â Venue & Partners â€‹ğŸ“Vesper Lounge, 905 Dunsmuir St â€“ a stylish, intimate setting in the heart of downtown Vancouver, perfect for authentic connection and curated experiences. â€‹ğŸ¥‚ In Partnership With â€‹UA-tech.orgâ€“ Nonprofit empowering Ukrainian tech talent across North America founded by Volodymyr Demianenko, serial entrepreneur & founder of SOLU.la (AI-powered client communication automation). â€‹Bonzai AI â€“ one of the most disruptive AI startups in learning tech. â€‹UAtech.today â€“ TA top tech & innovation media platform bringing visibility to the brightest minds in the ecosystem. â€‹Bootleggers Cocktail Co. â€“ Serving up handcrafted drinks all night long â€‹ğŸŸ Ticket Options â€‹Investor | 5PM | Free w/ Approval â€‹Startup Pitcher | 5PM | Free w/ Approval â€‹Panel & Afterparty Only | 7PM | $15.00 (includes drink + access to party) â€‹âš¡ This isnâ€™t just an eventâ€”itâ€™s a movement. Get ready to connect, pitch, invest, and celebrate at the most game-changing venture night of Web Summit Vancouver! â€‹Spots are limitedâ€”secure yours now!",Get Tickets,5.0,3.0,2025-05-28,"Wednesday, May 28,5:00 PM - 11:00 PM PDT","905 Dunsmuir St, Vancouver, BC V6C 1A8, Canada",Vesper Lounge,Uatech.events,https://www.google.com/maps/search/?api=1&query=Vesper%20Lounge&query_place_id=ChIJv2kiHoJxhlQRTM0OZVTiNBc,49.285138,-123.118495,"['Apply to Pitch  (5pm)', 'Investor (5pm)', 'Nonprofit organization (5pm)', 'Ukrainian Startups (5pm)', 'For Party + Drink! (7pm)']",324,AI,Wednesday,17.0,2025-05-02,2025-06-01 00:23:01.088041,Lu.ma,Wednesday,2.0,['AI'],"AI, Data Science, and ML",Technology and Innovation,"AI, Data Science, and ML",
websummit-vancouver,https://lu.ma/websummit-vancouver,Vancouver AI: May 28 #WebSummit,"â€‹Technology isn't neutral and neither are we. Vancouver AI is assembling the brain trust of BC's AI ecosystemâ€”researchers with revolutionary vision, artists with computational minds, and builders who question what they're building. â€‹Our keynotes aren't corporate retreadsâ€”they're field reports from the edge, raw transmissions from explorers who've gone beyond the algorithm and returned with something worth sharing. â€‹This isn't about what AI can doâ€”it's about what we can become when we stop treating technology as something that happens to us and start wielding it like the strange, beautiful tool it is. â€‹We're the intersection where diverse disciplines, backgrounds, and interests converge to explore our shared humanity in the age of AI. All welcome, no gatekeeping. Bring your projects, your questions, your wild ideasâ€”this is where the future gets built together. â€‹The machines are learning. Are we? Join the conversation that matters. â€‹â€‹Want to speak? Have an insight that isn't ""AI will change everything""? â€‹â€‹Built something weird? Demo spots open. â€‹â€‹Join the community: Get in the Vancouver AI CORE Group where the real conversations happen â€‹Vancouver AI CORE just booted up. 12-month passport to every gathering. Backdoor access to our Members Group Chat & Knowledge Base for raw, unfiltered dialogues. Something built by the community, for the community. â€‹This isn't subscription contentâ€”it's community infrastructure. The digital campfire where tomorrow's questions get asked today. â€‹Initialize: https://core.bc-ai.net/ â€‹â€‹H.R. MacMillan Space Centre, 1100 Chestnut St. The place with the UFO-looking roof that makes you feel like you're discussing AI in the appropriate sci-fi setting. Fully accessible. Parking available for your carbon-producing vehicles. Transit nearby.â€‹ â€‹â€‹Dimitri Schwartzman: Real estate guy who funds community stuff instead of just buying yachts â€‹â€‹SEGEV LLP: Lawyers who can talk about tech without reading from Wikipedia â€‹â€‹METACREATION Lab: Researchers who understand AI should make art, not just surveillance tech â€‹â€‹TheUpgrade.ai: AI education & adoption for businesses and teams. â€‹â€‹HR MacMillan Space Centre: Letting us use their cosmic dome â€‹â€‹Creative Mornings Vancouver: Morning people who somehow still have good ideas â€‹â€‹MOVE37XR: Extending reality while the rest of us still struggle with this one â€‹â€‹CMPFYR: The folks at cmpfyr.co doing... actually we're not entirely sure but it's cool â€‹Vancouver AI is a neural network of curious humans mapping the terrain between technology and consciousness.  â€‹Since 2023, we've been building a different kind of tech community: one that questions as much as it creates, that bridges art galleries and research labs, corporate towers and garage workshops. â€‹We run monthly gatherings where you'll find the unexpected: AI researchers jamming with musicians, developers debating ethics with philosophers, and entrepreneurs finding inspiration in indigenous wisdom. Together we're co-creating understanding. â€‹No outsiders calling the shots, no Silicon Valley hypercapitalist agendaâ€”just a self-organizing system of people who give a damn about where this technological revolution is taking us and who gets to steer. â€‹Vancouver AI was just the start. BC's AI Ecosystem continues to grow, with new community hubs emerging in Surrey, Victoria, Kelowna, and beyondâ€”each contributing unique perspectives to a thriving, interconnected network. â€‹BC + AI represents a collective, province-wide effort to democratize AI knowledge, innovation, and opportunity. If you're in Surrey (or nearby!), come join the movement and connect with fellow AI explorers. â€‹â€‹Limited to 200 human bodies â€‹â€‹Will sell out, just like every other VAI event â€‹â€‹Bring stickers to trade. Yes, we're serious. Analog connection in a digital world. â€‹â€‹Photography & video will happen. Your mug might end up online. If you're in witness protection, wear a fake mustache. â€‹â€‹The machines are watching. Let's give them something worth the bandwidth. â€‹â€‹ğŸ–¤â¤ï¸âœŠğŸ”¥ğŸ´",Get Tickets,2.0,50.0,2025-05-28,"Wednesday, May 28,6:00 PM - 10:00 PM PDT","1100 Chestnut St, Vancouver, BC V6J 3J9, Canada",H.R. MacMillan Space Centre,Vancouver AI,https://www.google.com/maps/search/?api=1&query=H.R.%20MacMillan%20Space%20Centre&query_place_id=ChIJX-DfNzNyhlQR76LZl5hs5bc,49.276224,-123.144443,"['Earlyworm', 'Standard']",184,AI,Wednesday,18.0,2025-05-02,2025-06-01 00:23:01.088041,Lu.ma,Wednesday,2.0,['AI'],"AI, Data Science, and ML",Technology and Innovation,"AI, Data Science, and ML",
i5a2n7v1,https://lu.ma/i5a2n7v1,The HardTech Awards at Web Summit,"â€‹Previously known as The Misties Awards, the HardTech Awards are recognizing the engineers, designers, and visionaries driving real-world impact through commercialized hardware innovation. â€‹MistyWest and Memfault are thrilled to announce the Top 20 winners of 2025 at this in-person awards ceremony during Web Summit Vancouver. â€‹The HardTech Awards are on a mission to become the largest recognition platform in intelligent and connected hardware development. For this event, there's no stiff suits, and no endless speechesâ€”expect some hands-on demos, interactive art, and a definitive gathering of technical excellence from across North America. â€‹We look forward to being your ""home for hardware"" at Web Summit. â€‹ â€‹Additional details to come over the following weeks. â€‹6pm - Opening Reception6:30pm - Announcing the 2025 HardTech Awards winners7:30pm - Cocktails & Connections â€‹Hors d'oeuvres will be served throughout the evening  ğŸ¤ğŸ–ğŸ¥Ÿ â€‹ â€‹Over 30 experts from backgrounds in engineering, product development, and venture capital volunteered their time to help vote on this year's semi-finalists and winners. We extend our massive thanks to the judges for lending their expertise to recognize innovation where it truly matters. â€‹MistyWest thanks our annual sponsors Memfault, Intent, Edge Impulse and Nordic Semiconductor, and our HardTech Awards sponsors August Electronics, Galvanize Leadership Development, and G3 Global Partners, for their gracious contributions that enable us to host events that bring our community together.  â€‹ â€‹ â€‹MistyWest is a product development firm accelerating the world's transition to a more sustainable future. We help our clients develop market-ready solutions for mining, infrastructure, and clean tech in half the time compared to ramping up an equivalent internal team. â€‹ â€‹MistyWest acknowledges that this event takes place on the unceded traditional territories of the xÊ·mÉ™Î¸kÊ·É™yÌ“É™m (Musqueam), Sá¸µwxÌ±wÃº7mesh (Squamish), and sÉ™lilwÉ™taÉ¬ (Tsleil-Waututh) Nations.",Registration,1.0,0.0,2025-05-29,"Thursday, May 29,6:00 PM - 11:00 PM PDT",,,HardTech Forum x MistyWest,,49.28488,-123.110943,['Standard'],247,,Thursday,18.0,2025-05-02,2025-06-01 00:23:01.088041,Lu.ma,Thursday,3.0,[],Social Media and Influencing,Fun and Leisure,Digital Entertainment,Social Media and Influencing
4ggxd3x6,https://lu.ma/4ggxd3x6,Special Canada Tech Week Jump off AI Founders and Funders Power Walk (Free Walk),"â€‹Special Canada Tech Week Power Walk for Startup Founders, Funders, Developers, and Anyone Involved in a Startup or Just Looking to Make New Friends! â€‹staaake Power Walk: Meet People Without Wasting Time â€‹A power walk is a themed social walk where you meet people while getting your steps inâ€”no awkward small talk, just a refreshing break from work and screens. â€‹Why a Power Walk is Better Than a Traditional Meetup â€‹ğŸ‘¥ Meetups â€“ Slow, awkward, and often a hit or miss. You might leave thinking, Was that really worth my time?ğŸš¶ Power Walks â€“ No wasted time. You get fresh air, 6,000 steps, and meaningful conversationsâ€”all in just one hour! Even if the group isnâ€™t great, you still got your walk in. â€‹Bonus: Join Our Private WhatsApp Group â€‹ğŸ“² People who join our walk will be in our exclusive Canada Tech Week 2025 WhatsApp group! â€‹Free WhatsApp Channel here: https://whatsapp.com/channel/0029Vb9wzfC6BIEg7UVtRq1Y â€‹staaake Canada Tech Week 2025 Excel List â€‹Stand out from thousands of attendees by being on the Excel list. This will set you apart and make you more visible. â€‹ğŸ“„ Join the list: https://docs.google.com/spreadsheets/d/1MHZ0RzVAos79trlpMnuFkSeL-K-HkAC1YFzVvYvV-6A/edit?usp=sharing â€‹Have your name, link (LinkedIn or company), and what you're looking forâ€”funding, investing, or networkingâ€”added to the list. This list will be linked to the opening and closing power walks on Lu.ma, Eventbrite, and will also be emailed to everyone who signed up for those events! â€‹ğŸ“¢ This event is independently organized and is not affiliated with, endorsed by, or associated with Web Summit. â€‹Stand Out & Get Exposure! â€‹ğŸš€ Be part of the staaake List, featured on all our events worldwide. Get noticed, make connections, and put yourself on the map! â€‹ğŸ‘‡ğŸ‘‡ğŸ‘‡ğŸ‘‡ğŸ‘‡ğŸ‘‡ğŸ‘‡ğŸ‘‡ğŸ‘‡ğŸ‘‡ğŸ‘‡ğŸ‘‡ğŸ‘‡ğŸ‘‡ğŸ‘‡ğŸ‘‡ğŸ‘‡ğŸ‘‡ â€‹ğŸŒ Join the list: https://www.staaake.in/?staaake â€‹ğŸ‘†ğŸ‘†ğŸ‘†ğŸ‘†ğŸ‘†ğŸ‘†ğŸ‘†ğŸ‘†ğŸ‘†ğŸ‘†ğŸ‘†ğŸ‘†ğŸ‘†ğŸ‘†ğŸ‘†ğŸ‘†ğŸ‘†ğŸ‘† â€‹Arrive Early! â€‹â° We leave on time and wonâ€™t be able to text latecomers. Please respect other peopleâ€™s time, too! â€‹Event Details â€‹ğŸ“ Meet at: In front of Giovane CaffÃ¨, 1049 W Cordova St, Vancouver, BC V6C 0B9, CanadağŸš¶ Lead Power Walker:  â€‹Sponsors: â€‹nextflag â€‹https://nextflag.app â€‹VideoRelations â€‹videorelations.com  â€‹staaake â€‹https://lu.ma/staaake â€‹Instagram: @staaake",Get Tickets,3.0,170.0,2025-05-27,"Tuesday, May 27,12:00 PM - 1:00 PM PDT",,,staaake,,49.288049,-123.117133,"['Standard', 'Excel List', 'Be a Sponsor']",380,AI,Tuesday,12.0,2025-05-12,2025-06-01 00:23:01.088041,Lu.ma,Tuesday,1.0,['AI'],"AI, Data Science, and ML",Technology and Innovation,"AI, Data Science, and ML",
5j52obb4,https://lu.ma/5j52obb4,XR & AI Vancouver Meetup â€“ Web Summit Week Edition,"â€‹We're bringing together the XR and Tech Community for Beers, Ideas & New Tech Frontiers. â€‹Join fellow XR, AI, and tech enthusiasts in Vancouver for a casual meetup during Web Summit week. Whether you're building the future, investing in it, or just curious to see whatâ€™s next, come hang out, swap ideas, and connect with others who care about where immersive tech is going. â€‹Great conversations and networking over cold beers â€‹Friendly faces from the XR, AI, and tech worlds â€‹BYO demos, ideas, and big visions for immersive tech â€‹Insights on where VR/AR & AI are heading â€‹ğŸ“… Date: May 29â° Time: 5:30pm â€“ 8:30pmğŸ“ Location: Moose's Down Under Bar ğŸ« (6 minute walk from the Vancouver Convention Center) â€‹The event is being hosted by the AWE Nites Vancouver teamâ€”part of AWE's global community of XR meetups throughout the year. Hit us up on LinkedIn for more info:Navjeet Chhina | Nucleus4DNik Vassev | NovobeingSam Sprigg | AWE / Auganix â€‹ â€‹*Weâ€™re not affiliated with Web Summit, just tapping into the energy of the week and making the most of everyone being in town. Come by and say hi!",Registration,1.0,0.0,2025-05-29,"Thursday, May 29,5:30 PM - 8:30 PM PDT","830 W Pender St, Vancouver, BC V6C 1J8, Canada",Moose's Down Under Bar and Grill - Vancouver,AWE Nites Vancouver,https://www.google.com/maps/search/?api=1&query=Moose%27s%20Down%20Under%20Bar%20and%20Grill%20-%20Vancouver&query_place_id=ChIJLZ0lbYJxhlQRWlw69YPLrT4,49.285644,-123.116588,['Standard'],294,AI,Thursday,17.5,2025-05-12,2025-06-01 00:23:01.088041,Lu.ma,Thursday,3.0,['AI'],"AI, Data Science, and ML",Technology and Innovation,"AI, Data Science, and ML",
fjaoslbx,https://lu.ma/fjaoslbx,Canada Tech Week Hangover AI Founders and Funders Power Walk (Free Walk),"â€‹Special Canada Tech Week Power Walk for Startup Founders, Funders, Developers, and Anyone Involved in a Startup or Just Looking to Make New Friends! â€‹staaake Power Walk: Meet People Without Wasting Time â€‹A power walk is a themed social walk where you meet people while getting your steps inâ€”no awkward small talk, just a refreshing break from work and screens. â€‹Why a Power Walk is Better Than a Traditional Meetup â€‹ğŸ‘¥ Meetups â€“ Slow, awkward, and often a hit or miss. You might leave thinking, Was that really worth my time?ğŸš¶ Power Walks â€“ No wasted time. You get fresh air, 6,000 steps, and meaningful conversationsâ€”all in just one hour! Even if the group isnâ€™t great, you still got your walk in. â€‹Bonus: Join Our Private WhatsApp Group â€‹ğŸ“² People who join our walk will be in our exclusive Canada Tech Week 2025 WhatsApp group! â€‹Free WhatsApp Channel here: https://whatsapp.com/channel/0029Vb9wzfC6BIEg7UVtRq1Y â€‹staaake Canada Tech Week 2025 Excel List â€‹Stand out from thousands of attendees by being on the Excel list. This will set you apart and make you more visible. â€‹ğŸ“„ Join the list: https://docs.google.com/spreadsheets/d/1MHZ0RzVAos79trlpMnuFkSeL-K-HkAC1YFzVvYvV-6A/edit?usp=sharing â€‹Have your name, link (LinkedIn or company), and what you're looking forâ€”funding, investing, or networkingâ€”added to the list. This list will be linked to the opening and closing power walks on Lu.ma, Eventbrite, and will also be emailed to everyone who signed up for those events! â€‹ğŸ“¢ This event is independently organized and is not affiliated with, endorsed by, or associated with Web Summit. â€‹Stand Out & Get Exposure! â€‹ğŸš€ Be part of the staaake List, featured on all our events worldwide. Get noticed, make connections, and put yourself on the map! â€‹ğŸ‘‡ğŸ‘‡ğŸ‘‡ğŸ‘‡ğŸ‘‡ğŸ‘‡ğŸ‘‡ğŸ‘‡ğŸ‘‡ğŸ‘‡ğŸ‘‡ğŸ‘‡ğŸ‘‡ğŸ‘‡ğŸ‘‡ğŸ‘‡ğŸ‘‡ğŸ‘‡ â€‹ğŸŒ Join the list: https://www.staaake.in/?staaake â€‹ğŸ‘†ğŸ‘†ğŸ‘†ğŸ‘†ğŸ‘†ğŸ‘†ğŸ‘†ğŸ‘†ğŸ‘†ğŸ‘†ğŸ‘†ğŸ‘†ğŸ‘†ğŸ‘†ğŸ‘†ğŸ‘†ğŸ‘†ğŸ‘† â€‹Arrive Early! â€‹â° We leave on time and wonâ€™t be able to text latecomers. Please respect other peopleâ€™s time, too! â€‹Event Details â€‹ğŸ“ Meet at: In front of Giovane CaffÃ¨, 1049 W Cordova St, Vancouver, BC V6C 0B9, CanadağŸš¶ Lead Power Walker: https://www.staaake.in/?adgolub â€‹Sponsors: â€‹nextflag â€‹https://nextflag.app â€‹ â€‹VideoRelations â€‹videorelations.com  â€‹staaake â€‹https://lu.ma/staaake â€‹Instagram: @staaake",Get Tickets,3.0,170.0,2025-05-30,"Friday, May 30,6:00 PM - 7:00 PM PDT",,,staaake,,49.288049,-123.117133,"['Standard', 'Excel List', 'Be a Sponsor']",395,AI,Friday,18.0,2025-05-12,2025-06-01 00:23:01.088041,Lu.ma,Friday,4.0,['AI'],"AI, Data Science, and ML",Technology and Innovation,"AI, Data Science, and ML",
lbr3mskh,https://lu.ma/lbr3mskh,So You Have an AI Idea? What Founders Wish They Knew Before Launching,"â€‹Join us for an exclusive happy hour gathering during Web Summit Vancouver â€“ a curated side event designed for early-stage AI founders and early-stage VCs who are passionate about shaping whatâ€™s next in AI. â€‹Whether you're ideating, prototyping, building your MVP, or securing your first paying pilot, this event offers raw, honest insights from founders whoâ€™ve been there â€“ and from the ecosystem players who helped them get through it. â€‹â€‹ğŸ’¡ In partnership with Alchemist Accelerator â€‹ â€‹In this candid conversation, you'll hear from both sides of the early-stage journey â€” the founder building at the edge of innovation, and the accelerator partner helping them push through. â€‹Arthur Chen, Co-founder & CEO of Verdi â€“ a climate-smart agritech startup backed by NEC X â€‹Shannon Gavrilchuk, Program Manager at Alchemist Accelerator â€“ one of the top accelerators for enterprise-focused startups â€‹Moderated by Ryoko Hirano, Director of Venture Studio and Marketing at NEC X, this session will unpack the real challenges of building an AI startup from scratch: how to validate your idea, where to find the right partners, when to take on funding, and what early support actually makes a difference. â€‹Expect honest insights, practical takeaways, and a rare glimpse into how founders and ecosystem builders work together to turn ideas into impact. â€‹ â€‹6:00 PM â€“ 6:30 PM | Arrival & Welcome DrinksCheck in, grab a drink, and start meeting fellow founders and investors. â€‹6:25 PM â€“ 6:30 PM | Opening RemarksQuick welcome and intro from the Elev X! team. â€‹6:30 PM â€“ 6:50 PM | ğŸ”¥ Fireside ChatWhat Founders Wish They Knew Before Launching From idea to impact: how bold AI founders and ecosystem builders make it happen â€‹6:50 PM â€“ 8:00 PM | Networking & DrinksRelax, connect, and build meaningful relationships with other founders, investors, and ecosystem leaders. Light refreshments will be served. â€‹ â€‹This event brings together bold AI founders and early-stage investors in one room â€” offering a unique opportunity to exchange ideas, spark partnerships, and build meaningful relationships that move startups forward and help investors discover whatâ€™s next. â€‹ â€‹ğŸ”¹ Startup-CentricEngage with fellow founders, gain valuable insights from seasoned investors, and connect with industry experts from leading companies. â€‹ğŸ”¹ Present Your StartupShowcase your vision and traction in conversations with investors and ecosystem leaders. â€‹ğŸ”¹ Investor-ConnectedEngage with a curated network of active investors to explore funding opportunities â€” connecting with angel investors and early-stage VCs who are scouting promising AI startups and committed to building long-term partnerships from day one. â€‹ğŸ”¹ NetworkingBuild meaningful relationships with highly curated participants, including investors, mentors, and fellow founders, fostering potential collaborations and investments. â€‹ â€‹Elev X! is NEC Xâ€™s venture studio program, dedicated to investing in and scaling early-stage tech startups. Backed by NEC, a global tech giant with over $20B in revenue, presence in 50+ countries, and 250+ subsidiaries, Elev X! provides hands-on support with world-class resources to propel startups from idea to impact. â€‹ğŸ”¹ Backed by NEC: 125 years of tech innovation, $8B in R&D, and 45,000+ patentsğŸ”¹ Hands-On Support: Beyond funding, we provide deep collaboration with NEC engineers and business expertsğŸ”¹ AI & Deep Tech Focused: Elev X! invests in AI-driven startups pushing the boundaries of innovation â€‹ â€‹âœ… Alchemist Accelerator â€“ A top accelerator for enterprise startupsâœ… SVG Ventures | THRIVE â€“ The leading Agri-Food Tech ecosystemâœ… Sand Hill Angels â€“ Leading Silicon Valley angel investorsâœ… Carbide Ventures â€“ Early-stage VC led by entrepreneurs who built multiple unicornsâœ… ERA (Entrepreneurs Roundtable Accelerator) â€“ One of NYCâ€™s top startup acceleratorsâœ… Translink Capital â€“ A top-tier VC with deep global networksand more! â€‹",Registration,3.0,0.0,2025-05-29,"Thursday, May 29,6:00 PM - 8:00 PM PDT",,,Elev X! by NEC X,,49.283586,-123.103883,"['Founder', 'Investor', 'Media']",184,AI,Thursday,18.0,2025-05-12,2025-06-01 00:23:01.088041,Lu.ma,Thursday,3.0,['AI'],"AI, Data Science, and ML",Technology and Innovation,"AI, Data Science, and ML",
pmhivemay2025happyhour,https://lu.ma/pmhivemay2025happyhour,Happy Hour - PMs in Vancouver! (Week of Web Summit),"â€‹ğŸº Join us for a happy hour for Product & Tech people who want to contribute to the energy of Vancouver's buzzing tech scene! â€‹Come join us for some post-Web Summit Day 2 vibes & networking! :) â€‹Casual conversations â€‹Fun vibes â€‹A safe space to share your tech stories & knowledge! â€‹â€‹PMs and Techies  â€‹Directors and VPs â€‹VCs and Founders â€‹â€‹Anyone intending to aggressively pitch themselves for jobs or promote products/services â€‹â€‹Individuals who are not respectful of their peers â€‹â€‹By signing up for PM Hive events, you agree to join PM Hive's Luma newsletter (opt out anytime). â€‹â€‹Event photos may be used by PM Hive for marketing purposes. â€‹Please only show up if you're accepted. Due to the event capacity constraints, we're unable to fit everyone. â€‹Note: There is no formal dress code for this event. â€‹â€‹We canâ€™t wait to see you there! âœ¨ â€‹â€‹- Your hosts, Sarim Khawaja, Kasey Fu, and Divya Rakhiani!",Registration,1.0,0.0,2025-05-28,"Wednesday, May 28,6:30 PM - 8:30 PM PDT",,,PM Hive,,49.281883,-123.124164,['Standard'],225,,Wednesday,18.5,2025-05-12,2025-06-01 00:23:01.088041,Lu.ma,Wednesday,2.0,[],Networking,Business and Professional,Networking,
pu4qv1dx,https://lu.ma/pu4qv1dx,Innovation & Investment Insider Tours,"â€‹Join us for the Innovation & Investment Insider Tours, a curated investor experience showcasing groundbreaking innovation in cleantech, life sciences, and creative tech. Connect with high-growth companies, industry leaders, and investors in a dynamic setting designed for meaningful conversation. Taking place on Monday, May 26, ahead of Web Summit Vancouver (May 27-30), this full-day experience charters investors across the Metro Vancouver region. â€‹The event will begin with transportation from downtown Vancouver to Surrey, the fastest-growing city in the Metro Vancouver region, for a networking lunch, followed by three sector-specific investment tours. Attendees will be guided through innovation clusters in their choice of focus area, cleantech, life sciences, or creative tech (digital media & entertainment and AI), visiting leading companies, anchor institutions, and strategic business locations to gain firsthand insights into investment opportunities. After the tours, participants will be transported back to Vancouver to high-value evening networking events. â€‹Agenda Highlights (note: all timings are approximate and will be confirmed closer to the event): â€‹Bus Pick-up at Vancouver Art Gallery (10:00am) - departure from Howe Street in Vancouver.   â€‹Luncheon in Surrey (11:00 AM - 12:30 PM) - get a head start on Web Summit Vancouver through exclusive access to key leaders and innovators in the Metro Vancouver region.  â€‹Curated Bus Tours (12:30 PM - 4:30 PM) - engage with top companies across the Metro Vancouver region. â€‹The Cleantech Tour features Ph7 Technologies, Hydron Energy, and Arca Climate â€‹The Life Sciences Tour features Kardium, Gandeeva Therapeutics, and AbCellera â€‹The Creative Tech Tour features digital media and entertainment companies and more â€‹Evening Receptions - connect with visionary business leaders following the tour.Â  â€‹Venture Showcase: Meet a select group of Series A+ and fast-growing Seed+ companies through rapid-fire pitches and networking at SFU Venture Labs (4:00 - 6:30 PM) â€‹CICE: wrap-up the tour at 33 Acres with a refreshing beverage and the latest investment opportunities in the cleantech sector â€‹Designed for those seeking to invest in local companies, create strategic business partnerships, or establish a presence in the region, this curated experience extends beyond the conference floor to provide a high-impact, immersive look at the Metro Vancouver regionâ€™s investment potential. â€‹Questions? Contact: info@investvancouver.ca â€‹Hosted in partnership by: Invest Vancouver, InBC Investment Corp, SFU Venture Labs, B.C. Centre for Innovation & Clean Energy (CICE), Life Sciences BC, DigiBC, AInBC, Invest Surrey, Innovation UBC, and the Naturally Innovative Alliance.",Registration,4.0,0.0,2025-05-26,"Monday, May 26,10:00 AM - 6:00 PM PDT","BC, Canada",Metro Vancouver,Invest Vancouver,https://www.google.com/maps/search/?api=1&query=Metro%20Vancouver&query_place_id=ChIJpd_5BZDOYlQRpvz0npdsnM4,49.32247,-122.856839,"['Networking Lunch (11:00-12:30)', 'Luncheon + Cleantech Tour', 'Luncheon + Creative Tech Tour', 'Luncheon + Life Sciences Tour']",0,Climate,Monday,10.0,2025-05-12,2025-06-01 00:23:01.088041,Lu.ma,Monday,0.0,['Climate'],Climate,Environment and Sustainability,Climate,
ryhi32pu,https://lu.ma/ryhi32pu,Hong Kong Night @Web Summit Vancouver: Aceocial x HKETO x IHK,"â€‹Looking to tap into Hong Kongâ€™s growing influence in Fintech, Web3, Blockchain, Crypto, and Virtual Assets?Join us to gain first-hand insights into Hong Kongâ€™s crypto-friendly regulations, government funding programs, and strategies for expanding your business into Asiaâ€™s thriving markets.Whether you're building the next unicorn or scouting your next big investment, Hong Kong Night brings you face-to-face with new connections and exciting opportunities!Program Highlights (Drinks and light bites provided):Â· Â  Â  Â  Â 5:15 â€“ 5:30 PM: Registration & Welcome DrinkÂ· Â  Â  Â  Â 5:30 â€“ 6:15 PM: Fireside Chat + Live Q&AÂ· Â  Â  Â  Â 6:15 â€“ 7:30 PM: Networking â€‹Fireside Chat Speakers:ğŸ”¥ Rocky Tung â€“ Director and Head of Policy Research at the Financial Services Development Council (LinkedIn)ğŸ¤ Moderated by Christopher Chen â€“ Head of InvestHK (Canada) (LinkedIn)Come join us for an evening of insights, opportunities, and connections for founders, investors and community partners at Web Summit Vancouver.Location: Downtown Vancouver (Successful registrant will be notified by confirmation email.)â€‹Co-Hosts:About The Hong Kong Economic and Trade Office (Toronto) (HKETO)https://www.linkedin.com/company/hketotorontoThe Hong Kong Economic and Trade Office (Toronto) is the official representative of the Government of the Hong Kong Special Administrative Region of the Peopleâ€™s Republic of China in Canada. Since the office's establishment in October 1991, we have been actively fostering closer economic and trade ties between Hong Kong and Canada.About Invest Hong Kong (Canada) (IHK)https://www.linkedin.com/company/invest-hong-kong-canada Â Invest Hong Kong (Canada) is the foreign direct investment department of the Government of the Hong Kong Special Administrative Region of the Peopleâ€™s Republic of China in Canada. We encourage and facilitate Canadian businesses to set up and expand into Asia via Hong Kong by offering a wide range of customised services, free of charge to help companies to advance their business plan.â€‹About Aceocial: Â â€‹â€‹â€‹https://www.linkedin.com/company/aceocialWe are a community organization for founders, investors and builders, helping to unite founders in driving impact and making meaning together. It also inspires to bring access and opportunity to shortcut young emerging technology leadersâ€™ road to success.â€‹Supporting Partners:â€‹â€‹Hong Kong Tourism Board (Canada)(https://www.discoverhongkong.com/us/index.html)â€‹Hong Kong Trade Development Council (Toronto) (https://www.hktdc.com/)â€‹NOTE: By registering for this event, you consent to share your email address with the event hosts to receive information and updates for future communications.",Registration,1.0,0.0,2025-05-29,"Thursday, May 29,5:30 PM - 7:30 PM PDT",,,Michael Liu,,49.282729,-123.120738,['Standard'],132,Crypto,Thursday,17.5,2025-05-12,2025-06-01 00:23:01.088041,Lu.ma,Thursday,3.0,['Crypto'],Blockchain and Crypto,Technology and Innovation,Blockchain and Crypto,
vtwwebsummit,https://lu.ma/vtwwebsummit,VTW at Web Summit Kickoff: How to invest time wisely with AI,"â€‹Vancouver Tech Week is hosting a special panelist discussion and networking night for founders, investors, and senior technical directors in the industry! â€‹Our keynote speaker is currently being confirmed. â€‹Our panel will feature: â€‹Alexandre Ackermans, VP of Engineering at Maximizer â€‹James Clift, Founder of Durable ($20M Series A) â€‹Rodrigo Molina, Design & Eng Ops Manager @ MetaLab â€‹Mark Hazlett, VP of Product at Jane.app â€‹6-6:30 Introduction and Settle In â€‹6:30-7 Keynote Speaker â€‹7-8 Panel Discussion + Q&A â€‹8-9 Networking â€‹â€‹ Date: 26th May, 2025ğŸ•’ Time: 6-9 PMğŸ“ Location: Concord Pacific Vancouver Presentation Centre â€‹Food and beverages provided! â€‹Senior techies (all functions), VCs, Investors, and established founders! Expect the following composition of people: â€‹20% Senior Engineers/PMs/Designers/Directors â€‹40% Founders â€‹40% VCs and Investors â€‹Founded in 1987 and a pioneer in CRM technology, Maximizer offers an AI-driven CRM platform designed for fast deployment. More than just a tool for sales teams, it empowers sales leaders overseeing teams to drive growth and retention through actionable intelligence. AI-assisted summaries and exception alerts provide real-time insights that surpass traditional forecasting, enabling timely, impactful decisions. Over the years, Maximizer has helped over 120,000 global customers and 1Â millionÂ users.Â  â€‹â€‹â€‹â€‹â€‹â€‹We are actively seeking sponsors to support our events. For more details, please contact us at kasey@vantechweek.com. â€‹â€‹â€‹By signing up for Vancouver Tech Week events, you agree to join our Luma newsletter (opt-out anytime). â€‹â€‹â€‹Event photos may be used by VTW for marketing purposes. â€‹â€‹Tickets are non-refundable if you cancel. â€‹p.s. due to space limitations, we wonâ€™t be able to accommodate everyone.",Get Tickets,4.0,2.5,2025-05-26,"Monday, May 26,6:00 PM - 9:00 PM PDT","88 Pacific Blvd, Vancouver, BC V6A 0A3, Canada",Concord Pacific Vancouver Presentation Centre,Vancouver Tech Week,https://www.google.com/maps/search/?api=1&query=Concord%20Pacific%20Vancouver%20Presentation%20Centre&query_place_id=ChIJbfgnqmRxhlQRL4xSdT8aYzk,49.275913,-123.105627,"['Investor/VC Pass', 'Founder Pass', 'Tech Leader Pass', 'Standard']",131,AI,Monday,18.0,2025-05-12,2025-06-01 00:23:01.088041,Lu.ma,Monday,0.0,['AI'],"AI, Data Science, and ML",Technology and Innovation,"AI, Data Science, and ML",
0icqzv6n,https://lu.ma/0icqzv6n,"ğŸ³ Breakfast of Builders, Powered by Fresh Founders","â€‹Start your Web Summit morning with founders who actually build. â€‹Weâ€™re hosting a small, curated breakfast for early-stage founders who are scaling real companies, closing real rounds, and pushing through real challenges. No fluff, no tourists. â€‹Fresh Founders began as a private dinner club started by Shopifyâ€™s Tobi LÃ¼tke. Today, itâ€™s a national community of high-performing founders, exited operators, and VC-backed builders sharing what works and what doesnâ€™t, off the record, founder to founder. â€‹What to expect: â€‹ğŸ¤ High-signal convos with serious builders â€‹ğŸ§  Raw insights on fundraising, legal ops, GTM and early traction â€‹â˜• Great coffee, real talk, breakfast, no panels â€‹ğŸ”’ Invite-only, highly curated to keep the energy high-quality â€‹ğŸ“ Gastown Vancouver (address shared upon acceptance) â€‹If youâ€™re in the thick of building and want to swap notes with others doing the same, apply now. Weâ€™ll keep it sharp, useful, and founder-first. â€‹ğŸ‘¤ About Ben Su â€‹Ben Su is the Toronto Lead at Fresh Founders and co-founder of Capita, a full-stack AI law firm for startups backed by Drive Capital, Hyperplane, and Fresh Founders LP. A former tech lawyer, Ben now helps founders close rounds, structure equity, and scale with fewer legal headaches.",Registration,1.0,0.0,2025-05-29,"Thursday, May 29,8:00 AM - 11:00 AM PDT",,,Toronto Tech,,49.282448,-123.103405,['Standard'],13,,Thursday,8.0,2025-06-01,,Lu.ma,Thursday,3.0,[],Dining In/Out,Food and Drink,Dining In/Out,
220lej5c,https://lu.ma/220lej5c,Llamapreneurs AI Builders and Creators Vancouver Networking Meetup,"â€‹Join us for THE AI startup and solopreneur networking event this week. Llamapreneurs' co-founders, Ethan Pierse and Pascal Condamine, are MCing stages at Web Summit and that means it is a perfect opportunity to kick off Llamapreneurs Vancouver! â€‹ğŸ¦™ AI-First founders and entrepreneursğŸ¦™ Indie hackers and buildersğŸ¦™ SolopreneursğŸ¦™ AI startupsInterested in generative and agentic AI, vibe coding, vibe marketing, workflow automation, small-team entrepreneurship? let's meet! â€‹â€‹This is an informal drinks and networking. No content, just good people and a good beer. â€‹â€‹If you would like to pitch your startup, send a message. â€‹â€‹If you would like to host us in your offices and/or sponsor drinks, let us know.  â€‹â€‹ â€‹â€‹â€” â€‹â€‹Why ""Llamapreneurs""? Llamas are the spirit animal of our LLM-powered experience. Llamapreneurs is the largest, fastest growing AI-focused global community. Find your tribe ğŸ¦™ğŸ¤–",Registration,1.0,0.0,2025-05-29,"Thursday, May 29,6:00 PM - 8:00 PM PDT",,,Llamapreneurs,,49.288329,-123.120494,['Standard'],50,AI,Thursday,18.0,2025-06-01,,Lu.ma,Thursday,3.0,['AI'],"AI, Data Science, and ML",Technology and Innovation,"AI, Data Science, and ML",
77pawlwk,https://lu.ma/77pawlwk,Where Tech Meets Web3: A Networking Happy Hour by Wonder,"â€‹Join us for an evening of connection, conversation, and curiosity during Vancouver Web Summit, as WonderFi Labs presents Wonder, our new Layer 2 built for whatâ€™s next in Web3.  â€‹Whether you're a developer, builder, or simply exploring the blockchain space, this is your chance to meet the team behind Wonder and network with fellow tech professionals in a relaxed setting. â€‹ğŸ—“ Thursday, May 29ğŸ•” 5â€“8 PMğŸ“ Mahony's Tavern Convention CentreğŸ» Appetizers & drinks provided â€‹Come for the drinks, stay for the connections. â€‹Weâ€™re excited to meet you IRL!",Registration,1.0,0.0,2025-05-29,"Thursday, May 29,5:00 PM - 8:00 PM PDT",,,WonderFi Labs,https://www.google.com/maps/search/?api=1&query=Mahony%27s%20Tavern,,,['Standard'],92,Crypto,Thursday,17.0,2025-06-01,,Lu.ma,Thursday,3.0,['Crypto'],Blockchain and Crypto,Technology and Innovation,Blockchain and Crypto,
7w1mvuap,https://lu.ma/7w1mvuap,Indigenous Tech Pre-Web Summit Gathering,"â€‹Web Summit Vancouver is bringing the world to our doorstepâ€”letâ€™s start by connecting. â€‹Join Indigenous founders, builders, innovators and allies from across Turtle Island and around the globe for a welcoming pre-event co-hosted by Indigenous Tech Circle and Raven Indigenous Capital Partners in partnership with InnovateBC, TELUS and Invest Vancouver. This gathering is your chance to meet fellow Indigenous leaders, share stories, and build relationships before the main event kicks off. â€‹Whether you're local to the Vancouver tech scene or arriving from afar, this is a space to connect with the community, ground yourself before the summit, and tap into the energy of Indigenous innovation. â€‹Light refreshments and bites, meaningful conversations, and good company are guaranteed. â€‹In Partnership with Innovate BC, TELUS and Invest VancouverRoad to Web Summit Vancouver: In support of Web Summit Vancouver, Innovate BC is proud to deliver a sector development initiative to help B.C. startups maximize their Web Summit Vancouver experience and capitalize on its potential to support their growth. This initiative is called Road to Web Summit Vancouver, Powered by Innovate BC (R2WSV).https://www.innovatebc.ca/events/TELUS, in partnership with Indigenous Peoples, is committed to progressing the path of reconciliation in a deeply meaningful way, and is dedicated to fulfilling our role and responsibilities in alignment with Indigenous-led frameworks of reconciliation. We are working on implementing our Indigenous Reconciliation Action Plan, continuing to push for innovation and creativity through supporting the goals of Indigenous communities.www.telus.com/reconcilationInvest Vancouver is Metro Vancouverâ€™s regional economic development service. Our mandate is to secure strategic investment to facilitate the creation of high-value jobs in order to advance shared prosperity for the residents of the region. Within this mandate, we support economic reconciliation across the region and stand with Indigenous businesses on their unique paths. Working collaboratively with Indigenous business leaders, we can create economic development opportunities that will lead to better, more equitable prospects and outcomes for all involved.https://investvancouver.ca/",Registration,1.0,0.0,2025-05-26,"Monday, May 26,5:00 PM - 7:00 PM PDT",,,Tech Circle,https://www.google.com/maps/search/?api=1&query=TELUS%20Garden%2C%2024th%20Floor%2C%20510%20W%20Georgia%20St%2C%20Vancouver%2C%20BC,,,['Standard'],130,,Monday,17.0,2025-06-01,,Lu.ma,Monday,0.0,[],Politics,Society and Current Affairs,Politics,
8wq2omak,https://lu.ma/8wq2omak,Grouse Grind at WebSummit,"â€‹Attending WebSummit Vancouver and want to get out of the city on Friday morning and climb up Grouse Mountain?The trail is a 2.5-km (1.55-mile) ascent with an elevation gain of 800 meters (2,624 feet) and 2,830 steps. It typically takes 2 to 2.5 hours to complete for those with a good level of fitness. â€‹Starting location: https://www.google.com/maps/place/Grouse+Grind/@49.3775567,-123.0879443,932m/data=!3m1!1e3!4m14!1m7!3m6!1s0x54866f851af112d7:0xc4e64d7162e0ecb7!2sGrouse+Mountain+@+Skyride!8m2!3d49.372151!4d-123.099143!16s%2Fm%2F04zmh0v!3m5!1s0x5486657c696243ab:0x3c75d86ac4ef738b!8m2!3d49.3788682!4d-123.0834252!16s%2Fg%2F11h9x354zh?entry=ttu&g_ep=EgoyMDI1MDQyOC4wIKXMDSoJLDEwMjExNDU1SAFQAw%3D%3D",Registration,1.0,0.0,2025-05-30,"Friday, May 30,8:30 AM - 11:30 AM PDT","6400 Nancy Greene Way, North Vancouver, BC V7R 4W1, Canada",Grouse Grind Trail,Roy Pereira,https://www.google.com/maps/search/?api=1&query=Grouse%20Grind%20Trail&query_place_id=ChIJs2hUjUVvhlQR56Smx3YJpnM,49.371237,-123.098423,['Standard'],12,Fitness,Friday,8.5,2025-06-01,,Lu.ma,Friday,4.0,['Fitness'],Fitness and Exercise,Healthy Lifestyle,Fitness and Exercise,
a0or8dhx,https://lu.ma/a0or8dhx,Flavour Hour,"â€‹Join us for Flavour Hour â€” a relaxed tasting of coffee and chocolate with a dash of AI.Take our Flavour Quiz on-site to uncover your Flavour Personality, then sip and bite your way through the samples. â€‹â˜• Try artisan roastsğŸ« Sample rich chocolatesğŸ§  Unlock your profile with our AI quizğŸ‰ Connect with fellow flavour fans â€‹No pairings. No pressure. Just a delicious way to meet your palate â€” and yourself.",Registration,1.0,0.0,2025-05-29,"Thursday, May 29,4:00 PM - 5:30 PM PDT","1025 Dunsmuir St, Vancouver, BC V7X 1M5, Canada",FUNK. Coffee Bar,Flavrite,https://www.google.com/maps/search/?api=1&query=FUNK.%20Coffee%20Bar&query_place_id=ChIJnTr-rolxhlQRiw9cIoI-Luc,49.286226,-123.120648,['Standard'],50,AI,Thursday,16.0,2025-06-01,,Lu.ma,Thursday,3.0,['AI'],"AI, Data Science, and ML",Technology and Innovation,"AI, Data Science, and ML",
a8qpk75y,https://lu.ma/a8qpk75y,Toronto Picnic @ Websummit,"â€‹Join us on Monday to network with other websummit guests from Toronto!  â€‹This is in a public park to accomodate up to 250 people. Bring a picnic, throw out a towel, and meet+greet other founders, investors, and innovators from the GTA.  â€‹Web Summit is not directly associated with the advertised event in any way.",Registration,1.0,0.0,2025-05-30,"Friday, May 30,3:00 PM - 4:00 PM PDT",,,Radd Studio Inc,,49.294636,-123.135323,['Standard'],69,,Friday,15.0,2025-06-01,,Lu.ma,Friday,4.0,[],Culinary Experiences,Food and Drink,Culinary Experiences,
ei9h7dt2,https://lu.ma/ei9h7dt2,Unofficial Web Summit Founder Co-Working Lounge by Capita.io,"â€‹Hosted at Capitaâ€™s Gastown Hacker House In town for Web Summit and need a break from the chaos? Weâ€™re opening up our Gastown hacker house for a small group of early-stage founders to cowork, recharge, and have real conversations with others who are actually building. â€‹âŒ No panelsâŒ No pitchesâœ… Just coffee, snacks, and real talk about whatâ€™s working, whatâ€™s not, and how people are figuring things. â€‹ğŸ’¼ Why You Should Come: â€‹ğŸ§  Fundraising strategy from founders whoâ€™ve raised from top-tier VCs (Drive, Hyperplane, Fresh Founders) â€‹ğŸ§¾ Equity structure & legal ops best practices you wonâ€™t get from Twitter or generic lawyers â€‹ğŸ¤ Peer intros to high-achieving founders also in the trenches â€‹ğŸ‘€ Feedback loops on your raise, stack, or GTM from people whoâ€™ve actually done it â€‹ğŸ§˜â€â™€ï¸ A quiet space to catch your breath, catch up on work, or hold meetings away from the noise â€‹ğŸ’¡ Weâ€™ll also be sharing what weâ€™ve learned along the way:Capita is backed by top-tier VCs like Drive Capital, Hyperplane, and Fresh Founders. We run legal ops for fast-growing, VC-backed startups, and weâ€™re happy to share what actually works when it comes to raising, structuring equity, and scaling as a founder. â€‹âš ï¸ Spots are limited. This is an application-only event.Weâ€™re curating for founder-event fit to keep the vibe high signal. If thatâ€™s you, weâ€™d love to have you. â€‹ğŸ•˜ Drop in anytime from 9am to 5pmğŸ“¬ Location is in Gastown. Address will be shared with selected founders.About me: I'm Toronto Lead at Fresh Founders and co-founder of Capita, a full-stack AI law firm for startups backed by Drive Capital, Hyperplane, and Fresh Founders LP. A former tech lawyer, Ben is building Capita to help founders close rounds, structure equity, and scale with fewer legal headaches.",Registration,1.0,0.0,2025-05-29,"Thursday, May 29,9:30 AM - 5:00 PM PDT",,,Toronto Tech,,49.282448,-123.103405,['Standard'],23,,Thursday,9.5,2025-06-01,,Lu.ma,Thursday,3.0,[],Entrepreneurship,Business and Professional,Entrepreneurship,
fq2a6c3d,https://lu.ma/fq2a6c3d,Early-Stage B2B SaaS Founders & Funders Coffee Club at Web Summuit,"â€‹Join us for a morning of meaningful connections at WebSummit! â€‹Weâ€™re bringing together the B2B SaaS community for an exclusive breakfast designed for pre-Series B founders and early-stage investors who are actively building, funding, and scaling the next wave of SaaS innovation. Weâ€™re especially committed to supporting underrepresented founders and investors in techâ€”this is a space for genuine connections, not just another networking event. â€‹Hosted by  Forum Ventures, this event is a chance to fuel up, share insights, and build relationships that drive impact. â€‹ğŸ“ Location: Vancouver, B.C.ğŸ—“ Date: Wednesday, May 28thâ° Time: 9:00 AM â€“ 11:00 AM â€‹Whether you're a founder refining your go-to-market strategy or an investor seeking top-tier early-stage deal flow, this event is built for real conversations and real connections. â€‹â€‹APPROVED GUESTSâ€‹ â€‹Application DOES NOT guarantee attendance. â€‹â€‹Spaces for this event are limited to maintain the quality of interactions and aim to ensure every participant receives optimum value. Register now - we hope to see you there. â€‹Admitted guests will be notified via event approval (with a calendar invite). â€‹â€‹NOTE: Invites are non-transferable. NO +1s (space is very intimate, and capacity is strictly enforced). â€‹About Forum Ventures â€‹Forum Ventures is the leading early-stage fund, program and community for B2B SaaS startups based in New York, San Francisco, and Toronto. Founded in 2014, weâ€™re on a mission to make the B2B SaaS journey easier, more accessible and successful for early-stage founders. From our Studio to Accelerator to Pre-Seed programming, we have the resources and network to help founders navigate the early stages of their founder journey. â€‹Forum is investing in 85+ SaaS companies this year.Â  Pitch Us here. â€‹About GTMfund â€‹GTMfund is an early-stage VC firm investing in B2B SaaS, backed by 300+ top C-Suite and VP-level operators from the worldâ€™s fastest-growing tech companies. â€‹Founder Perks: HubSpot for Startups â€‹â€‹As part of this event, we're excited to offer you exclusive founder benefits through our partnership with HubSpot for Startups.By applying to the free HubSpot for Startups program, youâ€™ll unlock a 30% discount on HubSpotâ€”plus a suite of additional perks designed to help you extend your runway, including: â€‹â€‹$5,000 in AWS Activate Credits â€‹â€‹$1,000 in advertising credits for Google & LinkedIn â€‹â€‹12 months of Asana Business â€‹â€‹And much more! â€‹â€‹Don't miss outâ€”apply here to access these founder resources and start taking advantage of these benefits. â€‹*Disclaimer: Web Summit is not directly associated with the advertised event in any way*",,1.0,0.0,2025-05-28,"Wednesday, May 28,9:00 AM - 11:00 AM PDT",,,Forum Events ,,49.287703,-123.120432,['Standard'],116,,Wednesday,9.0,2025-06-01,,Lu.ma,Wednesday,2.0,[],Dining In/Out,Food and Drink,Dining In/Out,
i0pwoqvu,https://lu.ma/i0pwoqvu,"Programming, Motherf*cker: Do you speak it? Web Summit Vancouver Afterparty","â€‹Tired of Harvard tie-wearing business (pseudo)graduates asking you about your MAU and GTM strategies for your open source project? Or maybe you're sick of being asked if you have plans to incorporate AI for your C code thatâ€™s only to be deployed to a low-powered microcontroller? Tired of the eyerolls you get when you canâ€™t have answers to any of them, even if you try to explain to them? â€‹Well, so are we. This is why we are bringing together some of the brightest, most talented technical people to mix, mingle, share ideas, and learn from each other. â€‹This is an event where youâ€™re going to be respected for being a valuable contributor to society, as tech professionals and hobbyists. Whether you are working for a large corporation, or working on an open source project on the side, or not writing code at all, but making valuable decisions on protocols and standards that society depends on heavily, you will be rubbing shoulder to shoulder with some of the smartest folks, people who are on the same level as you. â€‹If youâ€™re looking for something a little more grounded than the usual networking fluff, this gathering offers a refreshing change of pace. Whether you're decompressing from a week of high-concept keynotes or just craving real conversation, youâ€™ll find this space a welcome contrast. â€‹ğŸ» First 50 drinks are on Defang â€” the next 50 on ekai â€‹Come by, meet great people, and talk about things that actually matter. â€‹Meet Our Sponsors: â€‹Defang is an AI-enabled tool that deploys any app to any cloud with a single command. Take your app from Docker Compose to a secure and scalable deployment on AWS / GCP  / DigitalOcean in minutes â†’ defang.io  â€‹ekai: Your AI Twin on Slack for actions that don't need REAL YOU â†’ yourekai.com ",Registration,1.0,0.0,2025-05-29,"Thursday, May 29,6:00 PM - 11:00 PM PDT","455 Abbott St, Vancouver, BC V6B 2L2, Canada",The Pint Public House,Vancouver.dev,https://www.google.com/maps/search/?api=1&query=The%20Pint%20Public%20House&query_place_id=ChIJkaA0L3pxhlQRS7br6sCwIm4,49.281428,-123.10773,['Standard'],146,,Thursday,18.0,2025-06-01,,Lu.ma,Thursday,3.0,[],Entrepreneurship,Business and Professional,Entrepreneurship,
j449jzh1,https://lu.ma/j449jzh1,"Building the blocks of culture: objects, networks, narratives","â€‹Hosted by 221A, Brinc and Future Primitive Join industry pathfinders at the crossroads of decentralization, protocol development and cultural infrastructure for a showcase of projects defining British Columbia's Fair Data Ecosystem. This event begins a new chapter for the regionâ€™s innovation ecosystem. With a welcoming by Manuel Axel Strain, a 2-Spirit Artist from the lands and waters of the xÊ·mÉ™Î¸kÊ·É™yÉ™m (Musqueam), Simpcw and Syilx peoples, weâ€™ll explore the projects and people that make this region of the world vital for the reimagining of data ownership, access, and community participation in the digital realm.Featured DemonstrationsExperience working prototypes from teams in the Fair Data Ecosystem: â€‹ClioX -Â  Privacy-preserving AI infrastructure for archives through their distant reading methods, enabling AI model training without exposing sensitive personal information â€‹Pentagon Group - PENXR 360Â° Digital Experiences for the Decentralized Web â€‹Reppo Labs - A decentralized model context protocol (MCP) network connecting AI agents to data providers â€‹::perma by Future Primitive - A social camera that forms friendships by capturing and exchanging moments that matter â€‹FAIR Data Web3 Accelerator - Hear from Brinc about the accelerator's vision, goals, and call future call for applications for emerging Web3 teams focused on trustless, equitable infrastructure â€‹Panel Discussion: Fair Data, Social Networks, Creators and IPModerator: Jesse McKee, Head of Digital Strategy, 221A â€‹Panelists: â€‹Jayden Windle, CTO, Future Primitive â€‹Emma Johnson, Ecosystem Marketing Lead, PIP Labs / StoryÂ  â€‹Vivek Singh, Director, Kernel â€‹Industry leaders will explore the emerging relationship between protocols, communities, and networks - discussing how creators can maintain sovereignty over their work while participating in collaborative ecosystems, and what infrastructure is needed to scale the Fair Data movement. â€‹The afternoon concludes with a music performance by Forrest Mortifee, demonstrating the themes of the event in his music practice, followed by a casual happy hour for networking and connection. â€‹221A - A Vancouver-based charity focused on cultural infrastructure design, development and operation; stewarding the Fair Data Ecosystem that enables communities to gain custodianship over their digital assets and participate in the AI economy. Through nine buildings across Vancouver, and projects in the digital realm, 221A bridges the cultural industries, technology, and public goods. â€‹Brinc - A global venture platform that has accelerated 1000+ startups across 48 countries, connecting entrepreneurs with investors to drive impact. Through dedicated programs in Web3 and emerging technologies, Brinc catalyzes innovation into scalable solutions. â€‹Future Primitive -A tech startup inventing cultural primitives through open protocols and universal digital ownership. As creators of ERC-6551 (Token Bound Accounts), they've turned NFTs into dynamic identities and built projects like STAPLEVERSE, Sapienz, bb3, ::perma, and Checkpointâ€”blending technical rigor with cultural fluency to shape a more open, expressive internet. â€‹Limited capacity event with priority access for Web Summit attendees, investors, builders, artists, and cultural workers.  ",Registration,1.0,0.0,2025-05-29,"Thursday, May 29,3:00 PM - 5:00 PM PDT","825 Pacific St #700, Vancouver, BC V6Z 1C3, Canada",221A,Benny Giang,https://www.google.com/maps/search/?api=1&query=221A&query_place_id=ChIJT-Um_G9xhlQRjv6PaYVZXEM,49.276032,-123.130643,['Standard'],89,AI,Thursday,15.0,2025-06-01,,Lu.ma,Thursday,3.0,['AI'],"AI, Data Science, and ML",Technology and Innovation,"AI, Data Science, and ML",
jtnoxtuy,https://lu.ma/jtnoxtuy,ğŸ³ Early Bet Brunch - Founders x VCs @ Web Summit,"â€‹Itâ€™s Friday morning of Web Summit.Â You can't do another panel. And you're not ready to face that email backlog. All you want is some good coffee and a breakfast sandwich. â€‹Well, we've got your back: â€‹Loft in Gastown â€‹Bfast sandwiches, baked goods and coffee from the local  spots â€‹A curated group of early-stage founders and active VCsÂ  â€‹No programming, just good food and vibes to help you close out the week strong.   â€‹Whoâ€™s this for? â€‹Seed & pre-seed founders who are all-in â€‹VCs and angels looking to meet real builders â€‹Committed ecosystem builders â€‹Curated by:Isaac Souweine is a Partner at Pender Ventures, one of Canadaâ€™s top early-stage VC firms backing breakout startups in B2B software and healthtech. Heâ€™s a former product leader and longtime builder of Canadaâ€™s startup ecosystem. â€‹Ben Su is the founder of Capita, a full-stack AI law firm backed by Drive Capital, Hyperplane, and Fresh Founders. He also leads Fresh Founders Toronto, the trusted network for some of Canadaâ€™s most ambitious builders. â€‹ğŸ—“ Friday, May 30 ğŸ“ Gastown, Vancouver (location shared upon approval) ğŸŸ Invite-only",Registration,2.0,0.0,2025-05-30,"Friday, May 30,10:00 AM - 11:30 AM PDT",,,Ben Su,,49.282448,-123.103405,"['Standard', 'Investor']",29,,Friday,10.0,2025-06-01,,Lu.ma,Friday,4.0,[],Dining In/Out,Food and Drink,Dining In/Out,
m3lipeu4,https://lu.ma/m3lipeu4,Vancouver Startup Week Ecosystem Social Presented by Google Cloud,"â€‹The Vancouver Startup Week team is excited to host an evening of connection, conversation, and community-building at our upcoming Networking Event, proudly presented by Google Cloud and held in collaboration with Startup TNT. â€‹Whether you're a founder, student innovator, tech enthusiast, or ecosystem supporter, this is a great chance to meet like-minded individuals, spark new collaborations, and grow your network in a relaxed and engaging atmosphere. â€‹ğŸ“ Venue: Vesper Lounge (upstairs)ğŸ“… Date & Time: May 29 at 6PMğŸŸï¸ Free to attend  â€‹Grab delicious drinks and appies and mingle with our ecosystem, including founders and investors and members of local accelerators and incubators! â€‹Stay for the energy. Leave with new possibilities. â€‹The first 150 through the door gets a drink on the house - space is limited!",Registration,1.0,0.0,2025-05-29,"Thursday, May 29,6:00 PM - 8:00 PM PDT","905 Dunsmuir St, Vancouver, BC V6C 1A8, Canada",Vesper Lounge,Vancouver Startup Week,https://www.google.com/maps/search/?api=1&query=Vesper%20Lounge&query_place_id=ChIJv2kiHoJxhlQRTM0OZVTiNBc,49.285138,-123.118495,['Standard'],442,,Thursday,18.0,2025-06-01,,Lu.ma,Thursday,3.0,[],Entrepreneurship,Business and Professional,Entrepreneurship,
pqa6xva8,https://lu.ma/pqa6xva8,,,,,,,,,,,,,,,0,,,,2025-06-01,,Lu.ma,,,[],Uncategorized,,,
wq34wqrx,https://lu.ma/wq34wqrx,SOLD OUT: Austrian Business Breakfast,"â€‹Start your Web Summit Vancouver experience with our Austrian Business Breakfast â€“ a great opportunity to connect with Austrian and Canadian innovators, exchange ideas, and meet valuable business partners.Â ğŸ‡¨ğŸ‡¦ğŸ¤ğŸ‡¦ğŸ‡¹ â€‹The event is hosted in collaboration with ABA â€“ Invest in Austria, the Vienna Business Agency, and BABEG â€“ Invest in Carinthia. â€‹ğŸ—“ Date: Tuesday, May 28 â€‹ğŸ•— Time: 8:30â€“10:00 AM â€‹ğŸ“ Location: Downtown Vancouver (details upon confirmation) â€‹ğŸ‘‰ Register here: https://bit.ly/3Zpv1C0 â€‹âš ï¸ Please note: Registration does not guarantee participation. Final confirmation is subject to approval by the organizers. â€‹We look forward to kicking off the Web Summit with inspiring conversations and new connections!",Registration,1.0,0.0,2025-05-28,"Wednesday, May 28,8:30 AM - 10:00 AM PDT",,,Michael Herglotz,,49.288329,-123.120494,['Standard'],20,,Wednesday,8.5,2025-06-01,,Lu.ma,Wednesday,2.0,[],Entrepreneurship,Business and Professional,Entrepreneurship,
z7ziha9d,https://lu.ma/z7ziha9d,Tech Talent Tuesdays - Web Summit Edition,"â€‹Hi Vancouver!  â€‹Where innovation meets inspirationâ€”donâ€™t miss this yearâ€™s Web Summit edition of Tech Talk Tuesday hosted by CITI in partnership with Brainstation and Platform Calgary â€‹CITI is bringing the coveted Tech Talk Tuesday to Vancouver for the first time! Inspired by the Web Summit Vancouver (May 25-27), the biggest tech conference in Canada, this event provides an opportunity for all attendees to network, discover career opportunities and engage with a community of tech professionals, startups, and companies ğŸ’¡ğŸ’¡ â€‹This event is free and open to the public. To secure your spot, please register. â€‹Location: 455 Granville St #400, Vancouver, BC V6C 1T1 â€‹Date:Â  May 27th â€‹Time:Â  4:00-6:30 PDTÂ  â€‹This event will host three amazing speakers from companies you might be interested in:Â  â€‹Katy Hayduk - Head of Talent & Partnerships at DNA* â€‹Katy knows how to hire quality talent. From her time as a technical recruiter for companies in various industries, she has built a network of diverse top-quality professionals. With extensive experience sourcing top talents, Katy drives innovation and change to DNA*â€™s hiring process.Â  â€‹Stevie Carter-Vo (They/Them)-Â  Senior Product Design Manager, AI at Clio â€‹Stevieâ€™s background in human-centered design and cross functional leadership is unparalleled. With a comprehensive background in AI, fintech, and design education, they lead Design on the AI team at Clio, a Canadian legaltech company with over 100,000 customers. Driven by building high performing and inclusive teams, Stevie shapes the experience of AI-powered tools.Â  â€‹Hugh Reynolds - Senior Manager, Sales at Jobber â€‹Hugh has worked in a diverse range of industries from FinTech unicorns to global consultancies like Accenture. With experience in hiring/launching and scaling sales teams, Hughâ€™s leadership expertise is now brought to Jobber, a leading software platform that helps streamline and optimize operations for home service businesses â€‹â€”  â€‹WHAT YOU CAN EXPECT: â€‹Vancouverâ€™s most exciting tech companies showcasing their organizations. â€‹Uncover the up-skilling programs to support you in your professional growth.. â€‹Opportunity to build co-founder relationships. â€‹Recruitment insights to help you land that right role. â€‹ğŸ“‹ SCHEDULE ğŸ“‹ â€‹4:00pm - 4:30pm | Networking â€‹4:30pm - 5:30pm | Presentation, Q&A â€‹5:30pm - 6:30pm | Networking â€‹We cannot wait to see you there VANCOUVER!! â€‹-- â€‹ğŸ©µ To learn more about CITI and our mission: https://www.careerintech.ca/ â€‹ğŸ’™ About the Tech Talent Tuesdays SeriesNote: Web Summit is not directly associated with the this event in any way.",Registration,1.0,0.0,2025-05-27,"Tuesday, May 27,4:00 PM - 6:30 PM PDT","Vancouver, BC V6C 1T1, Canada",455 Granville St #400,Careers In Technology and Innovation,https://www.google.com/maps/search/?api=1&query=455%20Granville%20St%20%23400&query_place_id=EjQ0NTUgR3JhbnZpbGxlIFN0ICM0MDAsIFZhbmNvdXZlciwgQkMgVjZDIDFUMSwgQ2FuYWRhIh8aHQoWChQKEgmlKUudeHGGVBGbhd6lwbPThxIDNDAw,49.285068,-123.114654,['Standard'],180,,Tuesday,16.0,2025-06-01,,Lu.ma,Tuesday,1.0,[],Relationships and Socializing,Fun and Leisure,Social and Party Activities,Relationships and Socializing
